{"x": [0.21202196180820465, 0.2268531322479248, 0.22786065936088562, 0.25651949644088745, 0.2566881477832794, 0.262809693813324, 0.2628127634525299, 0.2630808353424072, 0.26317092776298523, 0.26895999908447266, 0.2690700888633728, 0.27953585982322693, 0.27958595752716064, 0.3116111755371094, 0.3116448223590851, 0.31451088190078735, 0.314544141292572, 0.3244706392288208, 0.324550986289978, 0.33245158195495605, 0.332472026348114, 0.3602637052536011, 0.3603520393371582, 0.3608051836490631, 0.3609115481376648, 0.3655698895454407, 0.3655875623226166, 0.38059496879577637, 0.38061338663101196, 0.38218626379966736, 0.38219815492630005, 0.45378580689430237, 0.45379385352134705, 0.4960082173347473, 0.496074378490448, 0.5016646981239319, 0.5017919540405273, 0.5579738020896912, 0.5579877495765686, 0.5680156350135803, 0.5680267810821533, 0.599793553352356, 0.599807858467102, 0.6027637720108032, 0.6027966737747192, 0.6037408709526062, 0.6037576198577881, 0.6076009273529053, 0.607644259929657, 0.6094965934753418, 0.6095477938652039, 0.6526666879653931, 0.6527314186096191, 0.6934415102005005, 0.6935192346572876, 0.7090076804161072, 0.7099342942237854, 0.7404991388320923, 0.740520179271698, 0.763641893863678, 0.7638919949531555, 0.8972127437591553], "y": [0.0, 0.0, 0.09917355328798294, 0.09917355328798294, 0.1071428582072258, 0.1071428582072258, 0.1428571492433548, 0.1428571492433548, 0.17073170840740204, 0.17073170840740204, 0.1780821979045868, 0.1780821979045868, 0.20776699483394623, 0.20776699483394623, 0.2602739632129669, 0.2602739632129669, 0.27165353298187256, 0.27165353298187256, 0.2857142984867096, 0.2857142984867096, 0.295114666223526, 0.295114666223526, 0.3076923191547394, 0.3076923191547394, 0.34403669834136963, 0.34403669834136963, 0.3450520932674408, 0.3450520932674408, 0.3661971688270569, 0.3661971688270569, 0.3910614550113678, 0.3910614550113678, 0.44569289684295654, 0.44569289684295654, 0.4642857015132904, 0.4642857015132904, 0.5162790417671204, 0.5162790417671204, 0.5403226017951965, 0.5403226017951965, 0.6129266619682312, 0.6129266619682312, 0.6149425506591797, 0.6149425506591797, 0.6399999856948853, 0.6399999856948853, 0.6411290168762207, 0.6411290168762207, 0.6440678238868713, 0.6440678238868713, 0.6734693646430969, 0.6734693646430969, 0.7599999904632568, 0.7599999904632568, 0.77173912525177, 0.77173912525177, 0.8320000171661377, 0.8320000171661377, 0.8500000238418579, 0.8500000238418579, 0.8500000238418579, 0.8500000238418579], "cap": 0.85}