{"x": [0.09634760022163391, 0.18310032784938812, 0.18411853909492493, 0.23141181468963623, 0.23151680827140808, 0.3683145344257355, 0.36838752031326294, 0.3730502426624298, 0.3742487132549286, 0.40808188915252686, 0.40881702303886414, 0.4523186683654785, 0.4526301920413971, 0.4930107295513153, 0.49307650327682495, 0.5008140802383423, 0.5012254118919373, 0.5077416300773621, 0.5078307390213013, 0.55815190076828, 0.5583303570747375, 0.5693042874336243, 0.5695697665214539, 0.6276131272315979, 0.6281997561454773, 0.664743185043335, 0.6653377413749695, 0.7079222202301025, 0.7092931866645813, 0.8557367920875549, 0.8722040057182312, 0.9374409914016724], "y": [0.0, 0.0, 0.09433962404727936, 0.09433962404727936, 0.29661017656326294, 0.29661017656326294, 0.3076923191547394, 0.3076923191547394, 0.3636363744735718, 0.3636363744735718, 0.4555555582046509, 0.4555555582046509, 0.4699999988079071, 0.4699999988079071, 0.5333333611488342, 0.5333333611488342, 0.5833333134651184, 0.5833333134651184, 0.594936728477478, 0.594936728477478, 0.6486486196517944, 0.6486486196517944, 0.6871165633201599, 0.6871165633201599, 0.6933333277702332, 0.6933333277702332, 0.7101449370384216, 0.7101449370384216, 0.8222222328186035, 0.8222222328186035, 1.0, 1.0]}