{"x": [0.21775846183300018, 0.2397436946630478, 0.23978930711746216, 0.2679029107093811, 0.2680971920490265, 0.26975512504577637, 0.2701665759086609, 0.27824902534484863, 0.27827978134155273, 0.2806997299194336, 0.28070467710494995, 0.3069811761379242, 0.30698850750923157, 0.337156742811203, 0.3371628224849701, 0.33725374937057495, 0.33727848529815674, 0.34266433119773865, 0.34266725182533264, 0.3600475490093231, 0.36005163192749023, 0.4028109908103943, 0.4028198719024658, 0.40588515996932983, 0.40588629245758057, 0.4198763072490692, 0.4198774993419647, 0.4200463593006134, 0.42004910111427307, 0.42472541332244873, 0.4247279167175293, 0.43004918098449707, 0.4300503134727478, 0.43433523178100586, 0.43433791399002075, 0.44553443789482117, 0.4455385208129883, 0.4519827961921692, 0.4519921839237213, 0.45353981852531433, 0.4535439908504486, 0.45766690373420715, 0.4576745629310608, 0.4593007266521454, 0.45932653546333313, 0.48009610176086426, 0.48010143637657166, 0.482796847820282, 0.48280563950538635, 0.48287829756736755, 0.48288044333457947, 0.49390318989753723, 0.4939110577106476, 0.5228348970413208, 0.5234560966491699, 0.523655354976654, 0.5236671566963196, 0.5357082486152649, 0.5357995629310608, 0.6008451581001282, 0.6011419892311096, 0.6386801600456238, 0.6386969685554504, 0.6399871706962585, 0.6399912238121033, 0.6561450958251953, 0.6561546921730042, 0.6692208051681519, 0.6692396402359009, 0.6695826053619385, 0.6695964336395264, 0.6715288162231445, 0.6715421080589294, 0.6718763709068298, 0.6718868017196655, 0.6733500361442566, 0.6733521819114685, 0.6875527501106262, 0.6875549554824829, 0.691251277923584, 0.6912583112716675, 0.6918695569038391, 0.6918781995773315, 0.704009473323822, 0.704015851020813, 0.7078143358230591, 0.7078238725662231, 0.7361820340156555, 0.7361908555030823, 0.7370656132698059, 0.7370679378509521, 0.740449070930481, 0.740456759929657, 0.7420920729637146, 0.7421146035194397, 0.7435827255249023, 0.7435952425003052, 0.7580215334892273, 0.7580281496047974, 0.7641031742095947, 0.7641676664352417, 0.7653054594993591, 0.765306830406189, 0.7656379342079163, 0.7656823396682739, 0.7760957479476929, 0.7761650085449219, 0.7795839905738831, 0.7798452377319336, 0.7838898301124573, 0.7838990688323975, 0.7868978381156921, 0.78706294298172, 0.8016615509986877, 0.8017697334289551, 0.8236820697784424, 0.8240544199943542, 0.8497791886329651], "y": [0.0, 0.0, 0.1458333283662796, 0.1458333283662796, 0.17391304671764374, 0.17391304671764374, 0.2526315748691559, 0.2526315748691559, 0.30434781312942505, 0.30434781312942505, 0.3265637755393982, 0.3265637755393982, 0.33187198638916016, 0.33187198638916016, 0.3333333432674408, 0.3333333432674408, 0.3405088186264038, 0.3405088186264038, 0.34285715222358704, 0.34285715222358704, 0.37143826484680176, 0.37143826484680176, 0.38137754797935486, 0.38137754797935486, 0.39832207560539246, 0.39832207560539246, 0.4032258093357086, 0.4032258093357086, 0.4078303575515747, 0.4078303575515747, 0.4116628170013428, 0.4116628170013428, 0.41376450657844543, 0.41376450657844543, 0.41471102833747864, 0.41471102833747864, 0.41602465510368347, 0.41602465510368347, 0.4166666567325592, 0.4166666567325592, 0.4220055639743805, 0.4220055639743805, 0.42489269375801086, 0.42489269375801086, 0.4350358545780182, 0.4350358545780182, 0.44396552443504333, 0.44396552443504333, 0.4444444477558136, 0.4444444477558136, 0.4476534426212311, 0.4476534426212311, 0.4627949297428131, 0.4627949297428131, 0.5, 0.5, 0.5074626803398132, 0.5074626803398132, 0.5898876190185547, 0.5898876190185547, 0.6308333277702332, 0.6308333277702332, 0.6336633563041687, 0.6336633563041687, 0.6652719378471375, 0.6652719378471375, 0.6893638372421265, 0.6893638372421265, 0.695652186870575, 0.695652186870575, 0.6962365508079529, 0.6962365508079529, 0.703125, 0.703125, 0.7062937021255493, 0.7062937021255493, 0.7208168506622314, 0.7208168506622314, 0.7287958264350891, 0.7287958264350891, 0.7465437650680542, 0.7465437650680542, 0.7481909990310669, 0.7481909990310669, 0.7507953643798828, 0.7507953643798828, 0.7554497122764587, 0.7554497122764587, 0.7599999904632568, 0.7599999904632568, 0.761689305305481, 0.761689305305481, 0.7661017179489136, 0.7661017179489136, 0.7689393758773804, 0.7689393758773804, 0.7814241647720337, 0.7814241647720337, 0.792397677898407, 0.792397677898407, 0.7948718070983887, 0.7948718070983887, 0.8125, 0.8125, 0.8407959938049316, 0.8407959938049316, 0.8500000238418579, 0.8500000238418579, 0.8500000238418579, 0.8500000238418579, 0.8500000238418579, 0.8500000238418579, 0.8500000238418579, 0.8500000238418579, 0.8500000238418579, 0.8500000238418579, 0.8500000238418579, 0.8500000238418579], "cap": 0.85}