{"x": [0.10506293177604675, 0.1354473978281021, 0.13626179099082947, 0.5362442135810852, 0.5362520217895508, 0.5397502779960632, 0.5399463176727295, 0.5503096580505371, 0.5507076978683472, 0.6201838254928589, 0.6202023029327393, 0.6211937069892883, 0.6212213635444641, 0.6260758638381958, 0.6269153356552124, 0.6424795985221863, 0.6425557136535645, 0.6527072191238403, 0.6527675986289978, 0.6540308594703674, 0.65403813123703, 0.6788457632064819, 0.6789292693138123, 0.7224476337432861, 0.7225168347358704, 0.7438945770263672, 0.7439324855804443, 0.7751860618591309, 0.7753245234489441, 0.8285939693450928, 0.8300649523735046, 0.8842032551765442, 0.8858869671821594, 0.8887015581130981], "y": [0.0, 0.0, 0.369047611951828, 0.369047611951828, 0.4285714328289032, 0.4285714328289032, 0.44736841320991516, 0.44736841320991516, 0.49787235260009766, 0.49787235260009766, 0.5, 0.5, 0.625, 0.625, 0.6478873491287231, 0.6478873491287231, 0.675000011920929, 0.675000011920929, 0.7272727489471436, 0.7272727489471436, 0.748031497001648, 0.748031497001648, 0.769784152507782, 0.769784152507782, 0.7894737124443054, 0.7894737124443054, 0.8035714030265808, 0.8035714030265808, 0.8440860509872437, 0.8440860509872437, 0.9117646813392639, 0.9117646813392639, 1.0, 1.0]}