{"x": [0.21647672355175018, 0.23731043934822083, 0.24072164297103882, 0.24655216932296753, 0.247588112950325, 0.2992287576198578, 0.2994006276130676, 0.3624945282936096, 0.3624976873397827, 0.371307373046875, 0.37132886052131653, 0.3937019109725952, 0.3937074542045593, 0.40295836329460144, 0.40296491980552673, 0.411119282245636, 0.4111692011356354, 0.4134402275085449, 0.41348233819007874, 0.4626534879207611, 0.4626830816268921, 0.49672284722328186, 0.4967533349990845, 0.5150204300880432, 0.515083372592926, 0.5172936320304871, 0.5173335075378418, 0.5379079580307007, 0.5379818677902222, 0.543562650680542, 0.5437420010566711, 0.5555157661437988, 0.5555381178855896, 0.5613608956336975, 0.5617368221282959, 0.6130251288414001, 0.6130775809288025, 0.6536967754364014, 0.6537142992019653, 0.6631248593330383, 0.6631396412849426, 0.7011843919754028, 0.7011989951133728, 0.7113832235336304, 0.7114256024360657, 0.7197190523147583, 0.7197371125221252, 0.7711429595947266, 0.7711477279663086, 0.7893925905227661, 0.7896605730056763, 0.7929530143737793, 0.7931094169616699, 0.7997621893882751, 0.800549328327179, 0.8120085000991821, 0.8174425959587097, 0.8223205804824829], "y": [0.0, 0.0, 0.25, 0.25, 0.3461538553237915, 0.3461538553237915, 0.3575547933578491, 0.3575547933578491, 0.3711340129375458, 0.3711340129375458, 0.37353435158729553, 0.37353435158729553, 0.3765060305595398, 0.3765060305595398, 0.38242894411087036, 0.38242894411087036, 0.39423078298568726, 0.39423078298568726, 0.4072568118572235, 0.4072568118572235, 0.43581515550613403, 0.43581515550613403, 0.4375, 0.4375, 0.44736841320991516, 0.44736841320991516, 0.4563491940498352, 0.4563491940498352, 0.45652174949645996, 0.45652174949645996, 0.5058823823928833, 0.5058823823928833, 0.5588235259056091, 0.5588235259056091, 0.5892857313156128, 0.5892857313156128, 0.6878612637519836, 0.6878612637519836, 0.6934865713119507, 0.6934865713119507, 0.7417619228363037, 0.7417619228363037, 0.7433808445930481, 0.7433808445930481, 0.7460674047470093, 0.7460674047470093, 0.7655759453773499, 0.7655759453773499, 0.7714285850524902, 0.7714285850524902, 0.8125, 0.8125, 0.8500000238418579, 0.8500000238418579, 0.8500000238418579, 0.8500000238418579, 0.8500000238418579, 0.8500000238418579], "cap": 0.85}