{"x": [0.17330172657966614, 0.17695185542106628, 0.1805696040391922, 0.20586903393268585, 0.20592579245567322, 0.21330441534519196, 0.21380485594272614, 0.2372860312461853, 0.23773910105228424, 0.26370811462402344, 0.2638213038444519, 0.2764638364315033, 0.27661389112472534, 0.3121456205844879, 0.31218937039375305, 0.3410032093524933, 0.3410177230834961, 0.3501867353916168, 0.3501928448677063, 0.39257508516311646, 0.3925938010215759, 0.4085138440132141, 0.40852269530296326, 0.4305597245693207, 0.4305773079395294, 0.4354906380176544, 0.43549829721450806, 0.44223999977111816, 0.44224482774734497, 0.4444621503353119, 0.4444649815559387, 0.4452962875366211, 0.4453049302101135, 0.5183959603309631, 0.5185278058052063, 0.5430697798728943, 0.5431061387062073, 0.5436763763427734, 0.5441288948059082, 0.6036657691001892, 0.6039605736732483, 0.6463243365287781, 0.646325945854187, 0.6463958621025085, 0.6464085578918457, 0.6605329513549805, 0.6605350971221924, 0.6810072660446167, 0.6810091733932495, 0.6868200302124023, 0.6868339776992798, 0.6874655485153198, 0.6874671578407288, 0.6945337057113647, 0.6945464611053467, 0.6963359117507935, 0.6963445544242859, 0.7257390022277832, 0.7257438898086548, 0.7549781799316406, 0.7550117373466492, 0.7606472969055176, 0.7606483101844788, 0.7626419067382812, 0.762657642364502, 0.7870063781738281, 0.7870351672172546, 0.7942399382591248, 0.7944620251655579, 0.8078811168670654], "y": [0.0, 0.0, 0.07692307978868484, 0.07692307978868484, 0.20000000298023224, 0.20000000298023224, 0.22972972691059113, 0.22972972691059113, 0.29629629850387573, 0.29629629850387573, 0.31972789764404297, 0.31972789764404297, 0.3333333432674408, 0.3333333432674408, 0.34517303109169006, 0.34517303109169006, 0.35593220591545105, 0.35593220591545105, 0.35988619923591614, 0.35988619923591614, 0.38224297761917114, 0.38224297761917114, 0.39063760638237, 0.39063760638237, 0.4015659987926483, 0.4015659987926483, 0.41310346126556396, 0.41310346126556396, 0.4166666567325592, 0.4166666567325592, 0.42405062913894653, 0.42405062913894653, 0.43355369567871094, 0.43355369567871094, 0.4388059675693512, 0.4388059675693512, 0.5714285969734192, 0.5714285969734192, 0.5989847779273987, 0.5989847779273987, 0.6407766938209534, 0.6407766938209534, 0.6666666865348816, 0.6666666865348816, 0.6771879196166992, 0.6771879196166992, 0.695706307888031, 0.695706307888031, 0.7051281929016113, 0.7051281929016113, 0.707317054271698, 0.707317054271698, 0.7247474789619446, 0.7247474789619446, 0.7523364424705505, 0.7523364424705505, 0.761151909828186, 0.761151909828186, 0.7697765231132507, 0.7697765231132507, 0.7740259766578674, 0.7740259766578674, 0.7839999794960022, 0.7839999794960022, 0.7862166166305542, 0.7862166166305542, 0.8225806355476379, 0.8225806355476379, 0.8500000238418579, 0.8500000238418579], "cap": 0.85}